{"cameraMode":{"drawMode":0,"name":"Shaded","section":"Shading Mode"},"sceneLighting":true,"audioPlay":false,"sceneViewState":{"m_AlwaysRefresh":false,"showFog":true,"showSkybox":true,"showFlares":true,"showImageEffects":true,"showParticleSystems":true,"showVisualEffectGraphs":true,"m_FxEnabled":true},"in2DMode":false,"pivot":{"x":0.9099999070167542,"y":0.5220068097114563,"z":-6.46999979019165},"rotation":{"x":0.3829786479473114,"y":-0.13886581361293794,"z":0.05835374444723129,"w":0.9114208221435547},"size":4.4271135330200199,"orthographic":false}